Jan-Mar, Apr-Jun, Jul-Sep, Oct-Dec, 
37505, 37505, 37505, 37505, 
22697.75735, 24505.45046, 35629.25119, 17577.42488, 
14807.24265, 12999.54954, 1875.748809, 19927.57512, 

1500, 0, 0, 1500, 
1489.512039, 0, 0, 0, 
4000, 8456.355456, 12794.47367, 4000, 

Make, 
Jan-Mar, 
Juice, Sauce, Paste, Canned, 
2000, 3000, 2052.389032, 5000, 
Apr-Jun, 
Juice, Sauce, Paste, Canned, 
2000, 3000, 3500, 5000, 
Jul-Sep, 
Juice, Sauce, Paste, Canned, 
2000, 4500, 7000, 5000, 
Oct-Dec, 
Juice, Sauce, Paste, Canned, 
2000, 1500, 1447.610968, 5000, 
Stock, 
Jan-Mar, 
Juice, Sauce, Paste, Canned, 
0, 0, 0, 0, 
Apr-Jun, 
Juice, Sauce, Paste, Canned, 
0, 0, 0, 0, 
Jul-Sep, 
Juice, Sauce, Paste, Canned, 
0, 1500, 3500, 0, 
Oct-Dec, 
Juice, Sauce, Paste, Canned, 
0, 0, 1447.610968, 0, 
Sell, 
Jan-Mar, 
Juice, Sauce, Paste, Canned, 
2000, 3000, 3500, 5000, 
Apr-Jun, 
Juice, Sauce, Paste, Canned, 
2000, 3000, 3500, 5000, 
Jul-Sep, 
Juice, Sauce, Paste, Canned, 
2000, 3000, 3500, 5000, 
Oct-Dec, 
Juice, Sauce, Paste, Canned, 
2000, 3000, 3500, 5000, 

 , Jan-Mar
 , Juice,Sauce,Paste,Canned,
Beef,0, 0, 0, 1500, 
Plum,827.5862069, 661.9258318, 0, 0, 
Moneymaker,0, 1073.78666, 2038.945436, 887.2679045, 

 , Apr-Jun
 , Juice,Sauce,Paste,Canned,
Beef,0, 0, 0, 0, 
Plum,0, 0, 0, 0, 
Moneymaker,813.559322, 1722.087946, 3477.074236, 2443.633952, 

 , Jul-Sep
 , Juice,Sauce,Paste,Canned,
Beef,0, 0, 0, 0, 
Plum,0, 0, 0, 0, 
Moneymaker,813.559322, 2583.13192, 6954.148472, 2443.633952, 

 , Oct-Dec
 , Juice,Sauce,Paste,Canned,
Beef,0, 0, 0, 1500, 
Plum,0, 0, 0, 0, 
Moneymaker,813.559322, 861.0439732, 1438.1288, 887.2679045, 

